stamp_sec,frame_id,waypoint_count,publish_interval_ms,loop_rate_hz
1783125909.4593327,map,5,999.323453,1.0006770050257192
1783125909.9345045,map,5,0.0,0.0
1783125909.9569564,map,5,1000.106151,0.9998938602668389
1783125910.4592855,map,5,999.952818,1.0000471842262462
1783125910.934476,map,5,999.971467,1.0000285338141555
1783125910.957227,map,5,1000.2705559999999,0.9997295171807496
1783125911.459632,map,5,1000.346424,0.999653695968028
1783125911.9362938,map,5,1001.8178809999999,0.9981854176946958
1783125911.956793,map,5,999.566203,1.0004339852615045
1783125912.4594078,map,5,999.7757939999999,1.0002242562796035
1783125912.934413,map,5,998.1191829999999,1.0018843611384634
1783125912.9582632,map,5,1001.470108,0.9985320500449725
1783125913.4592226,map,5,999.814703,1.0001853313413416
1783125913.9344504,map,5,1000.0373199999999,0.9999626813927305
1783125913.9569702,map,5,998.7069809999999,1.0012946930627293
1783125914.4607973,map,5,1001.5747369999999,0.9984277388977315
1783125914.9355721,map,5,1001.121861,0.9988793961617426
1783125914.9569714,map,5,1000.001224,0.9999987760014982
1783125915.46002,map,5,999.222903,1.0007777013493855
1783125915.9363148,map,5,1000.742665,0.9992578861419884
1783125915.9566784,map,5,999.7069329999999,1.000293152913445
1783125916.4592195,map,5,999.1993209999999,1.0008013206005772
1783125916.934533,map,5,998.2182029999999,1.0017849774674967
1783125916.95715,map,5,1000.471544,0.9995286782489438
1783125917.4599848,map,5,1000.76524,0.9992353451444816
1783125917.9350038,map,5,1000.470797,0.9995294245455123
1783125917.9567678,map,5,999.617796,1.0003823501357514
1783125918.459278,map,5,999.2933459999999,1.000707153713
1783125918.9357362,map,5,1000.7323399999999,0.9992681959293932
1783125918.9573717,map,5,1000.603886,0.9993964784582098
1783125919.4599833,map,5,1000.70535,0.9992951471679451
1783125919.935303,map,5,999.566781,1.000433406760043
1783125919.9568667,map,5,999.4952089999999,1.0005050459426466
1783125920.459301,map,5,999.3176259999999,1.0006828399522296
1783125920.9347553,map,5,999.4524839999999,1.0005478159379912
1783125920.958398,map,5,1001.5313759999999,0.9984709655266957
1783125921.4598184,map,5,1000.51734,0.999482927502286
1783125921.9344327,map,5,999.6774399999999,1.0003226640785252
1783125921.9567652,map,5,998.366861,1.001635810505934
1783125922.459138,map,5,999.3196519999999,1.0006808111885306
1783125922.9344516,map,5,1000.018647,0.9999813533477041
1783125922.9568782,map,5,1000.113218,0.9998867948168645
1783125923.461123,map,5,1001.9849529999999,0.9980189792331143
1783125923.934297,map,5,999.845613,1.0001544108390263
1783125923.957054,map,5,1000.175628,0.9998244028397781
1783125924.4592927,map,5,998.1696629999999,1.001833693276651
1783125924.9344845,map,5,1000.187408,0.9998126271151776
1783125924.9567952,map,5,999.741316,1.0002587509347267
1783125925.4602509,map,5,1000.9581929999999,0.999042724254918
1783125925.9345748,map,5,1000.0904069999999,0.9999096011726869
1783125925.9568849,map,5,1000.0897279999999,0.9999102800503917
1783125926.4607658,map,5,1000.5149419999999,0.999485323028789
1783125926.9343898,map,5,999.814805,1.000185229303541
1783125926.9568157,map,5,999.930765,1.0000692397938171
1783125927.4609087,map,5,1000.1428699999999,0.9998571504089212
1783125927.9344614,map,5,1000.0716349999999,0.9999283701312057
1783125927.9578812,map,5,1001.065388,0.9989357458436072
1783125928.4591138,map,5,998.205103,1.0017981244481777
1783125928.9346488,map,5,1000.187294,0.9998127410724736
1783125928.9585028,map,5,1000.6216929999999,0.9993786932620499
1783125929.459305,map,5,1000.191188,0.9998088485458642
1783125929.9349167,map,5,1000.2680429999999,0.999732028827797
1783125929.9568827,map,5,998.37992,1.0016227089182643
1783125930.4592297,map,5,999.9248309999999,1.0000751746508034
1783125930.934534,map,5,999.6173299999999,1.0003828164923871
1783125930.9573,map,5,1000.4171369999999,0.9995830369307239
1783125931.4601843,map,5,1000.9544699999999,0.9990464401442756
1783125931.9352596,map,5,1000.7255829999999,0.9992749430889688
1783125931.9579005,map,5,1000.6006249999999,0.9993997355338451
1783125932.4594805,map,5,999.2963739999999,1.0007041214381511
1783125932.934408,map,5,999.1482279999999,1.0008524981340408
1783125932.9568908,map,5,998.9902559999999,1.001010764613504
1783125933.459912,map,5,1000.431422,0.9995687640446783
1783125933.9344604,map,5,1000.052556,0.999947446761988
1783125933.9568424,map,5,999.951771,1.0000482313261487
1783125934.4592865,map,5,999.374457,1.0006259345489756
1783125934.9346216,map,5,1000.1611959999999,0.9998388299799627
1783125934.9573183,map,5,1000.4758519999999,0.9995243743274276
1783125935.4593098,map,5,1000.0234069999999,0.9999765935478749
1783125935.9351988,map,5,1000.577191,0.9994231419572706
1783125935.9579115,map,5,1000.593176,0.9994071756491771
1783125936.4593139,map,5,1000.004058,0.9999959420164674
1783125936.9361718,map,5,1000.972852,0.9990280935211617
1783125936.9568486,map,5,998.9370899999999,1.001064040979798
1783125937.4601984,map,5,1000.8844369999999,0.9991163445375862
1783125937.934796,map,5,998.624514,1.0013773805676875
1783125937.9567213,map,5,999.872768,1.0001272481900418
1783125938.4592516,map,5,999.0532049999999,1.0009476922703031
1783125938.934337,map,5,999.540669,1.000459542081924
1783125938.9568276,map,5,1000.106274,0.9998937372929629
1783125939.4596715,map,5,1000.4199789999999,0.9995801973083147
1783125939.9344754,map,5,1000.138611,0.9998614082103466
1783125939.9584281,map,5,1001.600465,0.9984020923951947
1783125940.4593248,map,5,999.653209,1.0003469113057186
1783125940.935173,map,5,1000.697628,0.9993028583455381
1783125940.9567356,map,5,998.3074829999999,1.0016953864704228
1783125941.459359,map,5,1000.0342119999999,0.999965789170421
1783125941.934807,map,5,999.6339909999999,1.0003661430116377
1783125941.9567134,map,5,999.977768,1.000022232494273
1783125942.4594126,map,5,1000.0534749999999,0.9999465278594227
1783125942.9355536,map,5,1000.7463759999999,0.9992541806616545
1783125942.9568288,map,5,1000.1154869999999,0.9998845263357071
1783125943.4593754,map,5,999.9627859999999,1.0000372153849333
1783125943.9344623,map,5,998.90878,1.0010924120618903
1783125943.9567688,map,5,999.9399689999999,1.0000600346039374
1783125944.4591944,map,5,999.819137,1.0001808957173421
1783125944.9344816,map,5,1000.0194389999999,0.9999805613778675
1783125944.9567895,map,5,1000.020531,0.9999794694215133
1783125945.4592133,map,5,1000.0187669999999,0.9999812333521938
1783125945.934817,map,5,1000.335302,0.9996648103897467
1783125945.9568286,map,5,1000.0392119999999,0.9999607895375208
1783125946.4597616,map,5,1000.548555,0.9994517457476114
1783125946.9354062,map,5,1000.58926,0.999411087022861
1783125946.956706,map,5,999.8775029999999,1.0001225120073534
1783125947.4593573,map,5,999.5955799999999,1.0004045836217084
1783125947.934529,map,5,999.1229519999999,1.0008778178884234
1783125947.9584396,map,5,1001.733401,0.9982695984797257
1783125948.4593582,map,5,1000.000855,0.9999991450007311
1783125948.9351504,map,5,1000.621174,0.9993792116176027
1783125948.9567275,map,5,998.288048,1.0017148878056086
1783125949.4604526,map,5,1001.0944989999999,0.9989066976183635
1783125949.9356618,map,5,1000.5113709999999,0.9994888903666443
1783125949.957016,map,5,1000.288419,0.9997116641615342
1783125950.4597254,map,5,999.2727319999999,1.0007277973036897
1783125950.9351764,map,5,999.514683,1.000485552646954
1783125950.9568236,map,5,999.807657,1.0001923800029469
1783125951.4593682,map,5,999.642938,1.0003571895388113
1783125951.9345973,map,5,999.4209219999999,1.0005794135256256
1783125951.9586165,map,5,1001.792962,0.9982102469591916
1783125952.460325,map,5,1000.9566619999999,0.99904425232748
1783125952.9344354,map,5,999.838003,1.00016202324728
1783125952.9567595,map,5,998.1429069999999,1.001860548211059
1783125953.4592013,map,5,998.8764359999999,1.0011248278160405
1783125953.9344137,map,5,999.9784089999999,1.0000215914661814
1783125953.956781,map,5,1000.021527,0.9999784734634017
1783125954.4596636,map,5,1000.4621599999999,0.9995380534931977
1783125954.9345145,map,5,1000.10083,0.9998991801656639
1783125954.9567099,map,5,999.928962,1.000071043046756
1783125955.4591753,map,5,999.511775,1.0004884634800826
1783125955.934532,map,5,1000.0173139999999,0.9999826862997695
1783125955.9569123,map,5,1000.2023369999999,0.9997977039319795
1783125956.4595358,map,5,1000.360502,0.9996396279148574
1783125956.9351354,map,5,1000.6036029999999,0.9993967611167998
1783125956.9567363,map,5,999.824025,1.000176005972651
1783125957.4590826,map,5,999.5467749999999,1.0004534305060413
1783125957.9352267,map,5,1000.0912589999999,0.9999087493274452
1783125957.9568543,map,5,1000.1181039999999,0.9998819099469077
1783125958.4592881,map,5,1000.205475,0.9997945672113023
1783125958.9368486,map,5,1001.6217949999999,0.9983808309602529
1783125958.9581044,map,5,1001.2499339999999,0.9987516263846267
1783125959.4592745,map,5,999.9864789999999,1.00001352118282
1783125959.9347048,map,5,997.85628,1.002148325408144
1783125959.958976,map,5,1000.8716929999999,0.9991290661869084
1783125960.4592874,map,5,1000.0128209999999,0.999987179164376
1783125960.934981,map,5,1000.2761879999999,0.9997238882587497
1783125960.9570196,map,5,998.0434849999999,1.0019603504550707
1783125961.4600616,map,5,1000.77414,0.9992264588291621
1783125961.9354339,map,5,1000.4528899999999,0.9995473150165023
1783125961.9567363,map,5,999.7166669999999,1.0002834133003407
1783125962.4593532,map,5,999.2915479999999,1.0007089542600636
1783125962.9345908,map,5,999.1569529999999,1.000843758327927
1783125962.9567597,map,5,1000.0234919999999,0.9999765085518612
1783125963.4590807,map,5,999.7275219999999,1.000272552264496
1783125963.934696,map,5,1000.1052129999999,0.9998947980686109
1783125963.9567711,map,5,1000.011503,0.9999884971323175
1783125964.4593146,map,5,1000.233927,0.9997661277090434
1783125964.934368,map,5,999.671794,1.0003283137545442
1783125964.95675,map,5,999.978765,1.0000212354509348
1783125965.4592314,map,5,999.9168639999999,1.0000831429121693
1783125965.9357424,map,5,1001.3746199999999,0.9986272669862554
1783125965.9567313,map,5,999.981236,1.0000187643520944
1783125966.4600465,map,5,1000.815109,0.9991855548615624
1783125966.9353418,map,5,999.5994539999999,1.0004007065013865
1783125966.9567668,map,5,1000.0356099999999,0.999964391268027
1783125967.459394,map,5,999.3475219999999,1.0006529040054999
1783125967.9345732,map,5,999.231264,1.0007693274096756
1783125967.9571161,map,5,1000.3491849999999,0.999650936887603
1783125968.4590783,map,5,999.684173,1.0003159267782067
1783125968.934996,map,5,1000.4226269999999,0.9995775515381262
1783125968.9583888,map,5,1001.272785,0.9987288329223889
1783125969.4592702,map,5,1000.191962,0.9998080748423371
1783125969.9346395,map,5,999.6435749999999,1.0003565520840767
1783125969.9575305,map,5,999.141762,1.0008589752051622
1783125970.459126,map,5,999.855781,1.00014423980212
1783125970.9347408,map,5,1000.101381,0.9998986292770653
1783125970.957198,map,5,999.667337,1.000332773701498
1783125971.4591794,map,5,1000.053369,0.9999466338480982
1783125971.9358726,map,5,1001.131804,0.9988694755321149
1783125971.9568405,map,5,999.642577,1.0003575507968785
1783125972.4590971,map,5,999.9177229999999,1.0000822837700618
1783125972.9354513,map,5,999.5786889999999,1.0004214885777742
1783125972.9575658,map,5,1000.725424,0.9992751018585094
1783125973.4593103,map,5,1000.2133279999999,0.9997867174991294
1783125973.934396,map,5,998.9446439999999,1.001056470952959
1783125973.9570138,map,5,999.447907,1.0005523979750552
1783125974.4605057,map,5,1001.1952729999999,0.9988061539719236
1783125974.9352481,map,5,1000.852263,0.9991484627337052
1783125974.957018,map,5,1000.0039899999999,0.9999960100159201
1783125975.4592218,map,5,998.716143,1.0012855074076839
1783125975.934479,map,5,999.2307679999999,1.0007698241733887
1783125975.9570875,map,5,1000.069757,0.9999302478656996
1783125976.459178,map,5,999.956152,1.0000438499227315
1783125976.9344018,map,5,999.922727,1.000077278971578
1783125976.958323,map,5,1001.2353929999999,0.9987661313127393
1783125977.4590685,map,5,999.8905159999999,1.0001094959880588
1783125977.934398,map,5,999.996176,1.000003824014623
1783125977.9570274,map,5,998.7044679999999,1.0012972125804087
1783125978.459255,map,5,1000.186436,0.9998135987519031
1783125978.9353197,map,5,1000.9217329999999,0.9990791158093478
1783125978.957112,map,5,1000.084631,0.9999153761618002
1783125979.4613469,map,5,1002.091857,0.9979125097311313
1783125979.934679,map,5,999.359351,1.000641059694252
1783125979.9570432,map,5,999.931194,1.0000688107345914
1783125980.4592342,map,5,997.8875879999999,1.0021168837305952
1783125980.9353344,map,5,1000.65553,0.9993448994380714
1783125980.9580727,map,5,1001.029373,0.9989716855191622
1783125981.459376,map,5,1000.141712,0.9998583080794454
1783125981.934611,map,5,999.27652,1.000724003802271
1783125981.960342,map,5,1002.2694319999999,0.9977357066597637
1783125982.4593184,map,5,999.942271,1.00005773233283
1783125982.9350898,map,5,1000.478801,0.9995214281406848
1783125982.9569917,map,5,996.6497449999999,1.0033615169389323
1783125983.4591188,map,5,999.80053,1.000199509796219
1783125983.934344,map,5,999.254237,1.000746319577527
1783125983.9572322,map,5,1000.240424,0.9997596337898058
1783125984.4592419,map,5,1000.1230449999999,0.9998769701382094
1783125984.9352188,map,5,1000.8747089999999,0.9991260554471659
1783125984.9576638,map,5,1000.431513,0.9995686731231546
1783125985.4592357,map,5,999.99366,1.000006340040196
1783125985.9346447,map,5,999.426073,1.000574256581357
1783125985.9584758,map,5,1000.8121189999999,0.9991885400020821
1783125986.4605477,map,5,1001.3120319999999,0.99868968717236
1783125986.9346998,map,5,1000.0548699999999,0.9999451330105518
1783125986.957181,map,5,998.705025,1.0012966541346882
1783125987.4609907,map,5,1000.4430219999999,0.9995571741815799
1783125987.9343724,map,5,999.672654,1.0003274531904922
1783125987.9570272,map,5,999.846293,1.0001537306294739
1783125988.4593203,map,5,998.329587,1.0016732079483086
1783125988.9351006,map,5,1000.728295,0.9992722350275905
1783125988.9569726,map,5,999.945357,1.0000546459860207
1783125989.4593308,map,5,1000.0106069999999,0.9999893931125073
1783125989.9348826,map,5,999.782032,1.000218015520407
1783125989.957815,map,5,1000.8424819999999,0.9991582271784504
1783125990.4593422,map,5,1000.01145,0.999988550131101
1783125990.9351666,map,5,1000.284057,0.9997160236654657
1783125990.9571345,map,5,999.3195069999999,1.0006809563860541
1783125991.4615846,map,5,1002.242397,0.9977626200939891
1783125991.9349766,map,5,999.809977,1.0001900591156032
1783125991.9570143,map,5,999.879831,1.0001201834423241
1783125992.459245,map,5,997.6603379999999,1.002345148855662
1783125992.9344835,map,5,999.506859,1.000493384308031
1783125992.9583123,map,5,1001.298018,0.9987036646665969
1783125993.4594166,map,5,1000.171736,0.9998282934881895
1783125993.9345233,map,5,1000.0396999999999,0.9999603015760276
1783125993.9577084,map,5,999.3960679999999,1.0006042969542683
1783125994.460476,map,5,1001.0591019999999,0.9989420185103117
1783125994.9343686,map,5,999.8453549999999,1.000154668918775
1783125994.9569628,map,5,999.254344,1.0007462124177666
1783125995.4591231,map,5,998.6474019999999,1.0013544299993082
1783125995.9343328,map,5,999.964313,1.0000356882736074
1783125995.9577625,map,5,1000.799687,0.9992009519883074
1783125996.4592974,map,5,1000.1741059999999,0.9998259243076225
1783125996.9350452,map,5,1000.7123869999999,0.9992881201339622
1783125996.957257,map,5,999.4944999999999,1.000505755659486
1783125997.4599824,map,5,1000.6849559999999,0.9993155128435848
1783125997.9346576,map,5,999.612228,1.0003879224254548
1783125997.9584877,map,5,1001.2308859999999,0.9987706272177466
1783125998.460755,map,5,1000.7727329999999,0.9992278636552342
1783125998.935942,map,5,1001.2843939999999,0.9987172535518416
1783125998.9569454,map,5,998.4575729999999,1.001544809756278
1783125999.4591079,map,5,998.352769,1.001649948846889
1783125999.9351392,map,5,999.197149,1.0008034960876375
1783125999.9571698,map,5,1000.224299,0.9997757512987595
1783126000.4595103,map,5,1000.4026389999999,0.9995975230529156
1783126000.9343991,map,5,999.260046,1.0007405019373705
1783126000.9579947,map,5,1000.8248719999999,0.9991758078530247
1783126001.4593263,map,5,999.8158239999999,1.0001842099270477
1783126001.9350524,map,5,1000.65333,0.9993470965614035
1783126001.9570124,map,5,999.017793,1.0009831726790877
1783126002.4592614,map,5,999.935066,1.0000649382166982
1783126002.9350946,map,5,1000.0422659999999,0.9999577357863393
1783126002.9569697,map,5,999.9574719999999,1.0000425298087077
1783126003.4590993,map,5,999.838038,1.0001619882359387
1783126003.934918,map,5,999.8231059999999,1.0001769252970236
1783126003.9581072,map,5,1001.137303,0.9988639889887312
1783126004.4591925,map,5,1000.093073,0.9999069356617771
1783126004.934484,map,5,999.566255,1.000433933216363
1783126004.9569156,map,5,998.808513,1.001192908334773
1783126005.4592237,map,5,1000.031314,0.999968686980536
1783126005.9343126,map,5,999.8285139999999,1.0001715154124922
1783126005.95697,map,5,1000.054271,0.9999457319451817
1783126006.4592586,map,5,1000.0348809999999,0.9999651202166417
1783126006.9358494,map,5,1001.536808,0.9984655501547978
1783126006.9572954,map,5,1000.3255839999999,0.9996745219704388
1783126007.4591575,map,5,999.8989459999999,1.000101064212943
1783126007.9343548,map,5,998.505287,1.0014969505113898
1783126007.95812,map,5,1000.824662,0.9991760175070507
1783126008.4591951,map,5,1000.03755,0.9999624514099495
1783126008.9345672,map,5,1000.212457,0.9997875881283891
1783126008.9568057,map,5,998.685608,1.0013161219000966
1783126009.45929,map,5,1000.09483,0.9999051789918763
1783126009.9346118,map,5,1000.0447069999999,0.9999552949986266
1783126009.9569192,map,5,1000.113342,0.9998866708449531
1783126010.4591932,map,5,999.9032209999999,1.0000967883670815
1783126010.9346385,map,5,1000.02666,0.9999733407107366
1783126010.9574497,map,5,1000.530628,0.9994696534167468
1783126011.4597352,map,5,1000.542073,0.9994582206839392
1783126011.934577,map,5,999.938455,1.0000615487880202
1783126011.9572155,map,5,999.765846,1.0002342088409368
1783126012.459399,map,5,999.6637569999999,1.0003363560973833
1783126012.9344969,map,5,999.91981,1.0000801964309518
1783126012.957435,map,5,1000.2192339999999,0.999780814053012
1783126013.460155,map,5,1000.756093,0.9992444782447105
1783126013.9351265,map,5,1000.6296769999999,0.999370719243619
1783126013.957357,map,5,999.922023,1.0000779830808868
1783126014.4593694,map,5,999.2142749999999,1.0007863428492352
1783126014.9352214,map,5,1000.0949139999999,0.9999050950078125
1783126014.956945,map,5,999.588129,1.0004120407076182
1783126015.45934,map,5,999.970734,1.0000292668565238
1783126015.9343376,map,5,999.1162109999999,1.0008845707739198
1783126015.956956,map,5,1000.0110269999999,0.9999889731215935
1783126016.4592142,map,5,999.8740859999999,1.000125929856332
1783126016.9345043,map,5,1000.16676,0.999833267804261
1783126016.9585202,map,5,1001.5640559999999,0.998438386451041
1783126017.4602072,map,5,1000.9930519999999,0.9990079331739459
1783126017.9350948,map,5,1000.5905919999999,0.9994097565930343
1783126017.9569945,map,5,998.474443,1.0015278878800506
1783126018.4605064,map,5,1000.299099,0.9997009904334624
1783126018.9352276,map,5,1000.1326469999999,0.9998673705928931
1783126018.9577243,map,5,1000.7299069999999,0.999270625375644
1783126019.459083,map,5,998.5766639999999,1.0014253647729947
1783126019.9345295,map,5,999.301921,1.0006985666547117
1783126019.9576085,map,5,999.8839399999999,1.0001160734714871
1783126020.4591408,map,5,1000.057648,0.9999423553231004
1783126020.9344163,map,5,999.886724,1.0001132888329058
1783126020.9576836,map,5,1000.0752339999999,0.999924771659729
1783126021.459303,map,5,1000.162126,0.9998379002805792
1783126021.934938,map,5,1000.521661,0.9994786109883133
1783126021.957204,map,5,999.5204749999999,1.0004797550545426
1783126022.4601169,map,5,1000.8139779999999,0.9991866840213138
1783126022.9344432,map,5,999.505268,1.0004949768809022
1783126022.956989,map,5,999.7849219999999,1.0002151242684976
1783126023.4600863,map,5,999.9694599999999,1.0000305409327201
1783126023.9355807,map,5,1001.1376019999999,0.998863690667769
1783126023.9569342,map,5,999.945206,1.000054797002547
1783126024.4595344,map,5,999.448275,1.0005520295685137
1783126024.9343789,map,5,998.7982149999999,1.0012032310249974
1783126024.95723,map,5,1000.295893,0.999704194526769
1783126025.4590564,map,5,999.5217799999999,1.000478448803787
1783126025.934388,map,5,1000.008868,0.9999911320786408
1783126025.9578924,map,5,1000.6623159999999,0.999338122372143
1783126026.4607427,map,5,1001.6864999999999,0.9983163394934444
1783126026.934896,map,5,1000.5082649999999,0.9994919932020752
1783126026.9568925,map,5,999.0000379999999,1.0010009629248884
1783126027.4591944,map,5,998.451552,1.0015508494096668
1783126027.934349,map,5,999.452896,1.000547403486637
1783126027.9579558,map,5,1001.063361,0.9989377685355123
1783126028.4605443,map,5,1001.350052,0.9986517681830609
1783126028.9352872,map,5,1000.93832,0.9990625596190583
1783126028.9570465,map,5,999.090661,1.0009101666500315
1783126029.4594069,map,5,998.862503,1.0011387923729078
1783126029.935278,map,5,999.9905239999999,1.0000094760897955
1783126029.9579449,map,5,1000.89833,0.9991024762724902
1783126030.4591677,map,5,999.760716,1.0002393412705366
1783126030.93466,map,5,999.3821529999999,1.0006182289709151
1783126030.9579017,map,5,999.956994,1.0000430078495957
1783126031.4598644,map,5,1000.6967709999999,0.9993037141517869
1783126031.9346344,map,5,999.974387,1.0000256136560426
1783126031.957975,map,5,1000.0731589999999,0.9999268463518478
1783126032.460446,map,5,1000.581591,0.9994187470514836
1783126032.9345808,map,5,999.946322,1.0000536808814824
1783126032.956895,map,5,998.920269,1.001080898079164
1783126033.4591944,map,5,998.748439,1.0012531293678448
1783126033.9347277,map,5,1000.146949,0.9998530725908359
1783126033.9570987,map,5,1000.2036059999999,0.9997964354469645
1783126034.4591563,map,5,999.9617639999999,1.0000382374620478
1783126034.9362307,map,5,1001.502948,0.9984993074628474
1783126034.9568467,map,5,999.7479999999999,1.0002520635200072
1783126035.4589808,map,5,999.824525,1.0001755057968797
1783126035.9343407,map,5,998.1100889999999,1.0018934895266849
1783126035.9589236,map,5,1002.07684,0.9979274643249914
1783126036.4593117,map,5,1000.330928,0.9996691814771121
1783126036.9345973,map,5,1000.256663,0.999743402858992
1783126036.9568489,map,5,997.925137,1.0020791770074433
1783126037.4592865,map,5,999.9749129999999,1.0000250876293735
1783126037.935245,map,5,1000.6476389999999,0.9993527801648069
1783126037.956859,map,5,1000.010405,0.9999895951082629
1783126038.4591625,map,5,999.876037,1.0001239783687306
1783126038.93539,map,5,1000.1448929999999,0.9998551279909401
1783126038.9583263,map,5,1001.467234,0.9985349156216129
1783126039.4600224,map,5,1000.859913,0.9991408258150509
1783126039.9346051,map,5,999.215199,1.0007854173963582
1783126039.9587984,map,5,1000.4720289999999,0.9995281937062531
1783126040.460553,map,5,1000.530412,0.9994698691877444
1783126040.9343486,map,5,999.743487,1.0002565788158018
1783126040.956888,map,5,998.089564,1.0019140927517003
1783126041.46312,map,5,1002.5670399999999,0.9974395328216655
1783126041.934541,map,5,1000.192459,0.9998075780333393
1783126041.9573445,map,5,1000.456479,0.999543729278003
1783126042.4590702,map,5,995.950386,1.0040660800547148
1783126042.9345818,map,5,1000.040714,0.9999592876575624
1783126042.95838,map,5,1001.035393,0.9989656779298312
1783126043.4593275,map,5,1000.257215,0.9997428511425434
1783126043.9347382,map,5,1000.15639,0.9998436344540077
1783126043.960125,map,5,1001.7449459999999,0.9982580935327225
1783126044.459267,map,5,999.93931,1.0000606936834997
1783126044.9352968,map,5,1000.5586569999999,0.9994416549233855
1783126044.957016,map,5,996.891225,1.003118469620394
1783126045.4610615,map,5,1001.7947049999999,0.9982085101957093
1783126045.9345686,map,5,999.271888,1.0007286425333723
1783126045.9577253,map,5,1000.709265,0.9992912377002925
1783126046.4590063,map,5,997.9447729999999,1.0020594596570926
1783126046.9369164,map,5,1002.3476959999999,0.997657802767075
1783126046.9571598,map,5,999.434491,1.0005658289813815
1783126047.4591997,map,5,1000.1933449999999,0.9998066923750628
1783126047.9347613,map,5,997.845009,1.0021596450155716
1783126047.9576898,map,5,1000.529958,0.999470322706719
1783126048.4605417,map,5,1001.3421119999999,0.998659686850362
1783126048.9349008,map,5,1000.1394389999999,0.9998605804405241
1783126048.9568698,map,5,999.180035,1.0008206378943512
1783126049.4630773,map,5,1002.535589,0.997470823950969
1783126049.9352832,map,5,1000.3824209999999,0.9996177251899152
1783126049.9569397,map,5,1000.069855,0.9999301498793802
1783126050.4590962,map,5,996.0188459999999,1.0039970669390326
1783126050.935248,map,5,999.964699,1.0000353022462045
1783126050.95832,map,5,1001.380275,0.9986216275330568
1783126051.4594069,map,5,1000.3106889999999,0.9996894074976741
1783126051.9347064,map,5,999.4584189999999,1.0005418744689167
1783126051.9586697,map,5,1000.349694,0.999650428243146
1783126052.4605134,map,5,1001.106354,0.9988948686664714
1783126052.9352891,map,5,1000.582675,0.9994176643124467
1783126052.9568646,map,5,998.194992,1.0018082719453276
1783126053.4625752,map,5,1002.061914,0.9979423287411759
1783126053.9352603,map,5,999.971321,1.0000286798225086
1783126053.9572244,map,5,1000.359735,0.9996403943627339
1783126054.4590702,map,5,996.494919,1.0035174098062811
1783126054.9367096,map,5,1001.4493349999999,0.9985527625319159
1783126054.9570594,map,5,999.835072,1.0001649552057321
1783126055.4590263,map,5,999.9561759999999,1.0000438259206272
1783126055.9346635,map,5,997.953764,1.0020504316670928
1783126055.9573147,map,5,1000.25531,0.9997447551665584
1783126056.4590092,map,5,999.982807,1.0000171932956043
1783126056.9352522,map,5,1000.588628,0.9994117182790928
1783126056.9568815,map,5,999.566751,1.0004334367860541
1783126057.459078,map,5,1000.069036,0.9999309687656404
1783126057.9359913,map,5,1000.739259,0.9992612871001597
1783126057.9570012,map,5,1000.1198049999999,0.9998802093515187
1783126058.4590194,map,5,999.9412239999999,1.0000587794548212
1783126058.935183,map,5,999.1916779999999,1.000808975913028
1783126058.9580626,map,5,1001.061422,0.9989397034221142
1783126059.4591336,map,5,1000.114304,0.9998857090639112
1783126059.9356706,map,5,1000.487544,0.9995126935833196
1783126059.957362,map,5,999.2991949999999,1.000701296472074
1783126060.45903,map,5,999.896318,1.0001036927510718
1783126060.935913,map,5,1000.242547,0.9997575118147819
1783126060.957282,map,5,999.920118,1.0000798883816437
1783126061.4590013,map,5,999.9712609999999,1.000028739825954
1783126061.9346392,map,5,998.726017,1.001275608103038
1783126061.95686,map,5,999.578098,1.0004220800764285
1783126062.4590847,map,5,1000.0834259999999,0.999916580959317
1783126062.9348917,map,5,1000.252665,0.9997473988234763
1783126062.956846,map,5,999.9858389999999,1.0000141612005369
1783126063.459232,map,5,1000.147432,0.9998525897329905
1783126063.9355578,map,5,1000.666163,0.9993342804777141
1783126063.9568944,map,5,1000.0484429999999,0.9999515593466106
1783126064.459025,map,5,999.7927609999999,1.0002072819569054
1783126064.936488,map,5,1000.9299609999999,0.999070903023953
1783126064.9568658,map,5,999.9713409999999,1.000028659821362
1783126065.4595368,map,5,1000.5119,0.9994883619075395
1783126065.934767,map,5,998.279186,1.0017237803052823
1783126065.9584215,map,5,1001.5557349999999,0.998446681551876
1783126066.4590516,map,5,999.514959,1.0004852763789402
1783126066.934341,map,5,999.573764,1.000426417754598
1783126066.9568605,map,5,998.439001,1.001563439527539
1783126067.4590397,map,5,999.9880549999999,1.0000119451426848
1783126067.935285,map,5,1000.9441509999999,0.9990567395802686
1783126067.956846,map,5,999.985455,1.00001454521156
1783126068.4591074,map,5,1000.067558,0.9999324465637751
1783126068.9384747,map,5,1003.1897359999999,0.9968204060652391
1783126068.9571846,map,5,1000.33854,0.9996615745705449
1783126069.459483,map,5,1000.3755649999999,0.9996245759961161
1783126069.9347613,map,5,996.2866339999999,1.0037272064818246
1783126069.9568067,map,5,999.622268,1.0003778747353795
1783126070.4590209,map,5,999.537936,1.000462277601838
1783126070.9350405,map,5,1000.278996,0.9997210818170573
1783126070.9568503,map,5,1000.043637,0.9999563649041047
1783126071.459298,map,5,1000.277028,0.9997230487232583
1783126071.9356399,map,5,1000.599379,0.9994009800399846
1783126071.9570003,map,5,1000.1498439999999,0.9998501784498605
1783126072.4589832,map,5,999.685267,1.0003148320880477
1783126072.9348063,map,5,999.16648,1.0008342153351661
1783126072.957992,map,5,1000.991916,0.9990090669223747
1783126073.459068,map,5,1000.0848679999999,0.9999151392019663
1783126073.93472,map,5,999.913879,1.0000861284174656
1783126073.9567962,map,5,998.804003,1.0011974291216372
1783126074.4593103,map,5,1000.2423829999999,0.9997576757352824
1783126074.9351366,map,5,1000.4164629999999,0.9995837103692286
1783126074.9577985,map,5,1001.0024169999999,0.9989985868335821
1783126075.4589915,map,5,999.6812789999999,1.000318822615463
1783126075.9347596,map,5,999.62302,1.0003771221675146
1783126075.9573522,map,5,999.553555,1.0004466444021602
1783126076.4597511,map,5,1000.759423,0.9992411532856483
1783126076.9359198,map,5,1001.1601599999999,0.9988411844114933
1783126076.956819,map,5,999.466864,1.0005334203856107
1783126077.4593844,map,5,999.633343,1.000366791486666
1783126077.9346867,map,5,998.766952,1.00123457028442
1783126077.9567797,map,5,999.960732,1.0000392695420364
1783126078.4601157,map,5,1000.7313509999999,0.9992691834833903
1783126078.9347537,map,5,1000.066827,0.9999331774655495
1783126078.9567676,map,5,999.987752,1.0000122481500153
1783126079.460631,map,5,1000.5151639999999,0.999485101257296
1783126079.9343822,map,5,999.628698,1.0003714399163839
1783126079.9574635,map,5,1000.69606,0.9993044241625174
1783126080.459944,map,5,999.313047,1.0006874252288231
1783126080.9363723,map,5,1001.990145,0.9980138078104551
1783126080.958038,map,5,1000.5745569999999,0.999425772926185
1783126081.4595425,map,5,999.5986499999999,1.0004015111464988
1783126081.9345129,map,5,998.140365,1.0018630996853835
1783126081.9570916,map,5,999.05355,1.0009473466162049
1783126082.4601657,map,5,1000.6230579999999,0.9993773299595502
1783126082.9350533,map,5,1000.54058,0.9994597120688499
1783126082.9569018,map,5,999.810087,1.0001899490737984
1783126083.4608364,map,5,1000.67076,0.9993296896173922
1783126083.9356055,map,5,1000.552117,0.999448187664971
1783126083.9570625,map,5,1000.160664,0.9998393618087743
1783126084.4590778,map,5,998.241404,1.001761694108212
1783126084.93461,map,5,999.004545,1.0009964469180668
1783126084.9579523,map,5,1000.8899289999999,0.9991108622694514
1783126085.459313,map,5,1000.2350349999999,0.9997650202284707
1783126085.934614,map,5,1000.004019,0.9999959810161523
1783126085.9585102,map,5,1000.5577069999999,0.9994426038637271
1783126086.4600995,map,5,1000.7865579999999,0.9992140601872473
1783126086.9350638,map,5,1000.449802,0.9995504002308754
1783126086.9573743,map,5,998.8642629999999,1.0011370283651844
1783126087.4608018,map,5,1000.702447,0.9992980460854214
1783126087.9350204,map,5,999.956746,1.0000432558709895
1783126087.9580238,map,5,1000.64945,0.9993509715115518
1783126088.4593623,map,5,998.560347,1.0014417285888881
1783126088.9344234,map,5,999.4028589999999,1.0005974977904282
1783126088.9569786,map,5,998.954742,1.001046351707493
1783126089.4591465,map,5,999.7842919999999,1.0002157545399804
1783126089.9351559,map,5,1000.732393,0.9992681430069387
1783126089.957105,map,5,1000.126441,0.9998735749853053
1783126090.4592266,map,5,1000.0800099999999,0.9999199964010881
1783126090.9357278,map,5,1000.571913,0.9994284138975227
1783126090.957367,map,5,1000.261947,0.9997381215982617
1783126091.4605658,map,5,1001.3392379999999,0.9986625531596317
1783126091.9380338,map,5,1002.30612,0.9976991859532894
1783126091.9578073,map,5,1000.440394,0.9995597998614998
1783126092.4592898,map,5,998.723947,1.0012776833917252
1783126092.9345675,map,5,996.533704,1.0034783530010944
1783126092.957746,map,5,999.9387859999999,1.0000612177473833
1783126093.458972,map,5,999.682193,1.0003179080333984
1783126093.935074,map,5,1000.506502,0.9994937544144017
1783126093.957115,map,5,999.36875,1.0006316487282598
1783126094.459199,map,5,1000.2269359999999,0.9997731154882636
1783126094.9357529,map,5,1000.678914,0.9993215466115039
1783126094.9574869,map,5,1000.37203,0.9996281083548487
1783126095.459151,map,5,999.952104,1.0000478982941368
1783126095.9360826,map,5,1000.3296439999999,0.9996704646293578
1783126095.9572527,map,5,999.766004,1.0002340507669434
1783126096.4593904,map,5,1000.2394069999999,0.9997606503019932
1783126096.9343703,map,5,998.2875819999999,1.0017153554054727
1783126096.956783,map,5,999.5301609999999,1.0004700598524512
1783126097.4596355,map,5,1000.2452129999999,0.9997548471146745
1783126097.9343092,map,5,999.938991,1.0000610127223253
1783126097.9571028,map,5,1000.3198239999999,0.9996802782546875
1783126098.4592996,map,5,999.66395,1.0003361629675653
1783126098.9343634,map,5,1000.054264,0.999945738944422
1783126098.9568202,map,5,999.717307,1.0002827729379302
1783126099.4597094,map,5,1000.41,0.9995901680311072
1783126099.9360197,map,5,1001.65631,0.9983464288264705
1783126099.9574704,map,5,1000.6503869999999,0.9993500357283128
1783126100.4593503,map,5,999.6407919999999,1.0003593370767527
1783126100.9344864,map,5,998.466638,1.001535716809799
1783126100.9573667,map,5,999.896088,1.000103922798826
1783126101.4590824,map,5,999.731985,1.0002680868512974
1783126101.934325,map,5,999.8384739999999,1.0001615520948637
1783126101.9570518,map,5,999.6851969999999,1.000314902132136
1783126102.45925,map,5,1000.167612,0.9998324160890745
1783126102.935235,map,5,1000.9101599999999,0.9990906676379427
1783126102.9571695,map,5,1000.117672,0.9998823418450704
1783126103.4599292,map,5,1000.6793839999999,0.9993210772492542
1783126103.9343855,map,5,999.150497,1.0008502252689166
1783126103.9570801,map,5,999.910718,1.0000892899719873
1783126104.4593544,map,5,999.4250179999999,1.0005753127945014
1783126104.9345691,map,5,1000.1836999999999,0.9998163337394921
1783126104.9569998,map,5,999.9196539999999,1.0000803524559985
1783126105.4599998,map,5,1000.645547,0.9993548694620834
1783126105.9343467,map,5,999.777563,1.0002224864892273
1783126105.957009,map,5,1000.009207,0.9999907930847681
1783126106.4592652,map,5,999.265331,1.0007352091353603
1783126106.9344904,map,5,1000.143661,0.9998563596355184
1783126106.9567962,map,5,999.787062,1.000212983352249
1783126107.4591942,map,5,999.92892,1.0000710850527257
1783126107.9365551,map,5,1002.0646979999999,0.997939556194205
1783126107.9580605,map,5,1001.2642999999999,0.9987372964361159
1783126108.4593093,map,5,1000.1152619999999,0.9998847512837976
1783126108.9345176,map,5,997.962503,1.0020416568697472
1783126108.957166,map,5,999.1055359999999,1.000895264782118
1783126109.4599864,map,5,1000.677163,0.9993232952394259
1783126109.9350042,map,5,1000.4865719999999,0.9995136646371703
1783126109.9570212,map,5,999.8553469999999,1.0001446739275177
1783126110.459259,map,5,999.2724519999999,1.0007280777114829
1783126110.934294,map,5,999.2896939999999,1.0007108108932423
1783126110.957467,map,5,1000.4458199999999,0.9995543786669028
1783126111.4602528,map,5,1000.9936769999999,0.9990073094138037
1783126111.9375598,map,5,1003.265872,0.9967447591997828
1783126111.956931,map,5,999.464044,1.0005362434028693
1783126112.4595103,map,5,999.257709,1.0007428424052318
1783126112.9344234,map,5,996.8637249999999,1.003146142167025
1783126112.9575222,map,5,1000.5909479999999,0.9994094010132901
1783126113.459237,map,5,999.726813,1.0002732616515309
1783126113.9346557,map,5,1000.2322529999999,0.9997678009289309
1783126113.957034,map,5,999.511986,1.0004882522739453
1783126114.4610682,map,5,1001.831056,0.9981722906381932
1783126114.9352589,map,5,1000.603026,0.9993973374212043
1783126114.9574838,map,5,1000.449615,0.9995505870627978
1783126115.4596074,map,5,998.539126,1.0014630112751335
1783126115.9351802,map,5,999.921445,1.000078561171373
1783126115.9579153,map,5,1000.43169,0.9995684962758427
1783126116.4596794,map,5,1000.0718949999999,0.9999281101685195
1783126116.9343917,map,5,999.2115699999999,1.000789052112357
1783126116.9584577,map,5,1000.542279,0.9994580149071342
1783126117.4594567,map,5,999.777472,1.0002225775297326
1783126117.9344203,map,5,1000.028659,0.9999713418213148
1783126117.95769,map,5,999.232415,1.0007681746393307
1783126118.4592135,map,5,999.7568339999999,1.0002432251440854
1783126118.9344141,map,5,999.99366,1.000006340040196
1783126118.9582362,map,5,1000.546116,0.9994541820798992
1783126119.4599376,map,5,1000.7240059999999,0.9992765178054498
1783126119.9348059,map,5,1000.391666,0.9996084873421966
1783126119.957453,map,5,999.216857,1.0007837567936466
1783126120.4590144,map,5,999.0769379999999,1.0009239148306714
1783126120.9343634,map,5,999.557639,1.0004425567698554
1783126120.9573495,map,5,999.896398,1.0001036127344864
1783126121.4612765,map,5,1002.262077,0.9977430284434478
1783126121.9358585,map,5,1001.4951269999999,0.9985071050675218
1783126121.957882,map,5,1000.532514,0.999467769420235
1783126122.45934,map,5,998.0635629999999,1.001940194063572
1783126122.9357238,map,5,999.8652219999999,1.000134796167558
1783126122.9575865,map,5,999.7045119999999,1.000295575338966
1783126123.4592187,map,5,999.878655,1.000121359726396
1783126123.9348192,map,5,999.095508,1.000905310846418
1783126123.9574354,map,5,999.8488159999999,1.000151206860058
1783126124.4593918,map,5,1000.173001,0.9998270289241691
1783126124.9355032,map,5,1000.6840179999999,0.9993164495608043
1783126124.9570875,map,5,999.652116,1.0003480050653941
1783126125.4602485,map,5,1000.856641,0.9991440922057089
1783126125.9343188,map,5,998.815383,1.001186021981802
1783126125.95688,map,5,999.79266,1.000207382998791
1783126126.4592109,map,5,998.962322,1.0010387558941387
1783126126.9346316,map,5,1000.312906,0.9996871918795377
1783126126.9583144,map,5,1001.434366,0.9985676884589759
1783126127.4592876,map,5,1000.076914,0.9999230919153085
1783126127.934749,map,5,1000.117208,0.9998828057361053
1783126127.957417,map,5,999.1025239999999,1.0008982821867038
1783126128.459198,map,5,999.9104179999999,1.0000895900256537
1783126128.9356227,map,5,1000.8738199999999,0.9991269428947598
1783126128.9570587,map,5,999.641753,1.0003583753869072
1783126129.459236,map,5,1000.0377189999999,0.9999622824226694
1783126129.9352987,map,5,999.6759529999999,1.0003241520404964
1783126129.9569666,map,5,999.907961,1.0000920474719572
1783126130.4592023,map,5,999.966586,1.0000334151165327
1783126130.9345703,map,5,999.271633,1.0007288979051805
1783126130.9583423,map,5,1001.375643,0.9986262467939816
1783126131.4600105,map,5,1000.808016,0.9991926363627368
1783126131.9348824,map,5,1000.3123029999999,0.9996877945027135
1783126131.9576554,map,5,999.3129759999999,1.0006874963264762
1783126132.4592319,map,5,999.221327,1.000779279804143
1783126132.9354815,map,5,1000.598932,0.9994014265048207
1783126132.9571347,map,5,999.479346,1.0005209252218004
1783126133.4608798,map,5,1001.6481719999999,0.9983545400010974
1783126133.9359176,map,5,1000.436289,0.999563901265081
1783126133.9570484,map,5,999.913774,1.0000862334355642
1783126134.4592068,map,5,998.326963,1.0016758407435702
1783126134.9354303,map,5,999.5126459999999,1.000487591629731
1783126134.9582872,map,5,1001.238845,0.9987626878379854
1783126135.459306,map,5,1000.0991859999999,0.9999008238368869
1783126135.9343543,map,5,998.92396,1.0010771991093297
1783126135.9573371,map,5,999.0499169999999,1.0009509865161224
1783126136.4592977,map,5,999.9915219999999,1.0000084780718772
1783126136.9345152,map,5,1000.160839,0.9998391868650238
1783126136.9571714,map,5,999.834131,1.0001658965170894
1783126137.4592404,map,5,999.9428049999999,1.0000571982714552
1783126137.935918,map,5,1001.403023,0.9985989427155944
1783126137.9577532,map,5,1000.5819409999999,0.9994183974583648
1783126138.4591677,map,5,999.927423,1.0000725822678034
1783126138.9344265,map,5,998.5083169999999,1.001493911442302
1783126138.9568827,map,5,999.129474,1.0008712844757897
1783126139.4594214,map,5,1000.2535949999999,0.9997464692941195
1783126139.934294,map,5,999.867437,1.0001325805752788
1783126139.9573593,map,5,1000.4766529999999,0.9995235740898394
1783126140.459304,map,5,999.8827699999999,1.0001172437444843
1783126140.9353335,map,5,1001.039453,0.9989616263406154
1783126140.9570615,map,5,999.7020279999999,1.0002980608137768
1783126141.4593763,map,5,1000.072248,0.9999277572193964
1783126141.9344528,map,5,999.119481,1.0008812949969894
1783126141.9575462,map,5,1000.484799,0.9995154359161833
1783126142.459362,map,5,999.9855329999999,1.0000144672092972
1783126142.9344327,map,5,999.979965,1.0000200354014093
1783126142.956945,map,5,999.3986629999999,1.0006016988237656
1783126143.45912,map,5,999.758191,1.0002418674857347
1783126143.9347863,map,5,1000.3535519999999,0.9996465729548387
1783126143.9575179,map,5,1000.572918,0.9994274100470907
1783126144.4592438,map,5,1000.123618,0.9998763972795212
1783126144.934821,map,5,1000.034539,0.9999654621929013
1783126144.9572852,map,5,999.7673209999999,1.0002327331521172
1783126145.4617321,map,5,1002.488385,0.9975177916899257
1783126145.935271,map,5,1000.450127,0.999550075523155
1783126145.9577081,map,5,1000.423047,0.9995771318930841
1783126146.4593003,map,5,997.5682039999999,1.0024377240475881
1783126146.9350371,map,5,999.766139,1.0002339157037605
1783126146.9581475,map,5,1000.439356,0.9995608369489215
1783126147.4592752,map,5,999.9747739999999,1.0000252266363672
1783126147.9352126,map,5,1000.1753759999999,0.9998246547513484
1783126147.957306,map,5,999.158469,1.0008422397708767
1783126148.4591525,map,5,999.877404,1.0001226110316221
1783126148.9353302,map,5,1000.1175039999999,0.9998825098055679
1783126148.957623,map,5,1000.317065,0.9996830354983498
1783126149.4591925,map,5,1000.040091,0.9999599106072239
1783126149.9344301,map,5,999.1000419999999,1.0009007686539564
1783126149.9570913,map,5,999.4682019999999,1.0005320809595903
1783126150.4600396,map,5,1000.847096,0.9991536209642957
1783126150.9348328,map,5,1000.4026729999999,0.9995974890802797
1783126150.9569743,map,5,999.8830479999999,1.0001169656793703
1783126151.4592123,map,5,999.1725439999999,1.0008281412504467
1783126151.934446,map,5,999.6132789999999,1.0003868706109897
1783126151.9568985,map,5,999.924183,1.0000758227486533
1783126152.45918,map,5,999.9677439999999,1.0000322570404832
1783126152.9366803,map,5,1002.2341769999999,0.9977708034197282
1783126152.9579208,map,5,1001.0222709999999,0.9989787729707764
1783126153.4593441,map,5,1000.164047,0.9998359799070042
1783126153.9344375,map,5,997.7573209999999,1.0022477199142497
1783126153.9576108,map,5,999.690114,1.0003099820591004
1783126154.4590263,map,5,999.682282,1.0003178189768096
1783126154.9351,map,5,1000.662575,0.9993378637149491
1783126154.9569747,map,5,999.3639549999999,1.0006364498107199
1783126155.4592829,map,5,1000.256447,0.999743618748203
1783126155.9357166,map,5,1000.616537,0.99938384288366
1783126155.9574525,map,5,1000.477617,0.9995226110090977
1783126156.4590292,map,5,999.746415,1.0002536493216634
1783126156.9342644,map,5,998.547689,1.0014544232749207
1783126156.957912,map,5,1000.459486,0.9995407250304187
1783126157.4594035,map,5,1000.3744009999999,0.9996257391236465
1783126157.9344096,map,5,1000.1453449999999,0.9998546761220991
1783126157.9585605,map,5,1000.648507,0.9993519132887688
1783126158.4602294,map,5,1000.8256839999999,0.999174997191619
1783126158.9346337,map,5,1000.2240549999999,0.999775995189398
1783126158.9572604,map,5,998.6999079999999,1.0013017844395355
1783126159.4593656,map,5,999.136317,1.0008644295931444
1783126159.9343176,map,5,999.6838359999999,1.0003162639912886
1783126159.9570055,map,5,999.745059,1.0002550060114876
1783126160.459098,map,5,999.7324329999999,1.0002676386112603
1783126160.9344828,map,5,1000.165131,0.9998348962637451
1783126160.9569156,map,5,999.9101009999999,1.0000899070825569
1783126161.4594812,map,5,1000.3831359999999,0.9996170107369744
1783126161.9343998,map,5,999.9171359999999,1.0000828708670115
1783126161.9584334,map,5,1001.517783,0.9984845171740699
1783126162.4592912,map,5,999.809978,1.0001900581152232
1783126162.934943,map,5,1000.543068,0.9994572267627765
1783126162.957309,map,5,998.875686,1.0011255795047953
1783126163.460811,map,5,1001.519698,0.9984826079776217
1783126163.9347646,map,5,999.8215889999999,1.0001784428361649
1783126163.9574745,map,5,1000.1654599999999,0.9998345673724827
1783126164.4590714,map,5,998.2606099999999,1.0017424207492271
1783126164.9343078,map,5,999.543291,1.000456917678416
1783126164.956749,map,5,999.274418,1.0007261088515127
1783126165.4590669,map,5,999.995453,1.0000045470206753
1783126165.9342253,map,5,999.9175379999999,1.0000824688005423
1783126165.9585218,map,5,1001.772877,0.9982302605304016
1783126166.4602063,map,5,1001.139294,0.9988620025137082
1783126166.9348316,map,5,1000.6062569999999,0.9993941103248569
1783126166.9569798,map,5,998.458077,1.0015443041981622
1783126167.4592435,map,5,999.037297,1.0009636306901564
1783126167.9347193,map,5,999.8878149999999,1.0001121975868863
1783126167.9568691,map,5,999.88932,1.0001106922514185
1783126168.4590938,map,5,999.850376,1.0001496463906916
1783126168.9343042,map,5,999.584712,1.000415460535775
1783126168.956879,map,5,1000.0097949999999,0.9999902050959412
1783126169.459593,map,5,1000.499284,0.999500965160111
1783126169.9344966,map,5,1000.1925,0.9998075370491181
1783126169.9583087,map,5,1001.429864,0.9985721775918598
1783126170.459329,map,5,999.7357199999999,1.0002643498623818
1783126170.935079,map,5,1000.5823439999999,0.9994179949271622
1783126170.9569602,map,5,998.6512909999999,1.0013505304726034
1783126171.4590397,map,5,999.7107699999999,1.0002893136781952
1783126171.9342859,map,5,999.206948,1.000793681430646
1783126171.957532,map,5,1000.571745,0.9994285817055528
1783126172.4592354,map,5,1000.1957299999999,0.999804308302736
1783126172.9344902,map,5,1000.204165,0.9997958766748387
1783126172.957357,map,5,999.825161,1.0001748695740216
1783126173.459082,map,5,999.846427,1.0001535965882888
1783126173.9343076,map,5,999.817415,1.0001826183433702
1783126173.9583743,map,5,1001.017198,0.9989838356403543
1783126174.4600692,map,5,1000.9872829999999,0.9990136907663392
1783126174.9351063,map,5,1000.798775,0.9992018625322558
1783126174.9569435,map,5,998.569221,1.0014328290617323
1783126175.460691,map,5,1000.621773,0.9993786133614344
1783126175.934878,map,5,999.7719079999999,1.00022814403783
1783126175.95742,map,5,1000.476671,0.999523556106987
1783126176.459078,map,5,998.387301,1.0016153039991442
1783126176.934673,map,5,999.794916,1.0002051260680747
1783126176.9580755,map,5,1000.655552,0.9993448774668869
1783126177.459367,map,5,1000.288949,0.9997111344674068
1783126177.9352264,map,5,1000.553406,0.9994469000888094
1783126177.9571376,map,5,999.061924,1.0009389568128513
1783126178.4603696,map,5,1001.002438,0.9989985658756207
1783126178.9343116,map,5,999.0851309999999,1.0009157067517203
1783126178.9577618,map,5,1000.624194,0.999376195375104
1783126179.4594226,map,5,999.0530799999999,1.000947817507354
1783126179.9343436,map,5,1000.0319979999999,0.9999680030238393
1783126179.9584415,map,5,1000.6798399999999,0.9993206218684291
1783126180.4594247,map,5,1000.002077,0.9999979230043139
1783126180.9347553,map,5,1000.411559,0.999588610311129
1783126180.957129,map,5,998.687333,1.0013143923594754
1783126181.459083,map,5,999.6583059999999,1.0003418107946977
1783126181.9353347,map,5,1000.5795009999999,0.9994208346269129
1783126181.9570835,map,5,999.9546389999999,1.0000453630577137
1783126182.4604437,map,5,1001.360729,0.9986411200673319
1783126182.935262,map,5,999.9271789999999,1.0000728263032843
1783126182.9575374,map,5,1000.453936,0.9995462699643974
1783126183.4591482,map,5,998.704343,1.001297337904938
1783126183.9345129,map,5,999.2508379999999,1.00074972366448
1783126183.9582121,map,5,1000.674541,0.9993259136988477
1783126184.4595823,map,5,1000.434259,0.9995659294990217
1783126184.934767,map,5,1000.254245,0.9997458196240897
1783126184.9590096,map,5,1000.7975749999999,0.9992030606189269
1783126185.4592764,map,5,999.69408,1.0003060136156854
1783126185.9352741,map,5,1000.5072359999999,0.99949302115792
1783126185.9571583,map,5,998.148683,1.00185475073156
1783126186.461005,map,5,1001.728517,0.9982744656155177
1783126186.9343822,map,5,999.1080169999999,1.0008927793439977
1783126186.957688,map,5,1000.529763,0.9994705175002375
1783126187.4590929,map,5,998.087943,1.0019157199657707
1783126187.935235,map,5,1000.852815,0.999147911673706
1783126187.9584272,map,5,1000.739015,0.9992615307398602
1783126188.459855,map,5,1000.7622379999999,0.9992383425642406
1783126188.93476,map,5,999.525044,1.000475181690395
1783126188.9585767,map,5,1000.149678,0.9998503444001509
1783126189.4605794,map,5,1000.724385,0.9992761393537942
1783126189.9352767,map,5,1000.516663,0.9994836038028084
1783126189.9571579,map,5,998.581021,1.0014209953625786
1783126190.461198,map,5,1000.618695,0.9993816875468232
1783126190.9343445,map,5,999.0677939999999,1.0009330758188768
1783126190.9578247,map,5,1000.666853,0.9993335913965765
1783126191.4592533,map,5,998.0550029999999,1.0019487873856188
1783126191.9343517,map,5,1000.0072439999999,0.9999927560524753
1783126191.9582922,map,5,1000.467586,0.9995326325344838
1783126192.459307,map,5,1000.053762,0.9999462408901972
1783126192.934831,map,5,1000.479059,0.9995211703876352
1783126192.9593618,map,5,1001.0696459999999,0.9989314969200456
1783126193.4590683,map,5,999.761403,1.0002386539421146
1783126193.9344215,map,5,999.5907659999999,1.0004094015410303
1783126193.956973,map,5,997.611274,1.0023944456746385
1783126194.4609818,map,5,1001.91351,0.9980901445275451
1783126194.936113,map,5,1001.6915019999999,0.9983113543474986
1783126194.9569306,map,5,999.957465,1.0000425368093033
1783126195.4591134,map,5,998.131494,1.0018720038504265
1783126195.9343832,map,5,998.2700239999999,1.0017329740034346
1783126195.956877,map,5,999.946287,1.0000537158852414
1783126196.459237,map,5,1000.123649,0.9998763662871849
1783126196.934489,map,5,1000.10596,0.9998940512263321
1783126196.9587374,map,5,1001.860508,0.9981429470618479
1783126197.4592478,map,5,1000.0107949999999,0.9999892051165309
1783126197.9351964,map,5,1000.707228,0.9992932718179588
1783126197.9570024,map,5,998.264998,1.0017380174637758
1783126198.4606464,map,5,1001.3984529999999,0.9986034999396989
1783126198.935266,map,5,1000.0697319999999,0.9999302728622128
1783126198.9571815,map,5,1000.179166,0.9998208660947052
1783126199.4593596,map,5,998.713395,1.0012882624849544
1783126199.9343274,map,5,999.061341,1.0009395409085298
1783126199.9583156,map,5,1001.1339989999999,0.9988672854971137
1783126200.4590523,map,5,999.692689,1.0003074054690821
1783126200.9345443,map,5,1000.216971,0.9997830760662029
1783126200.9595978,map,5,1001.282215,0.9987194269699478
1783126201.4602046,map,5,1001.152174,0.99884915197717
1783126201.9354835,map,5,1000.939138,0.9990617431526592
1783126201.957071,map,5,997.4733749999999,1.0025330250043016
1783126202.4591308,map,5,998.926167,1.0010749873568985
1783126202.9359071,map,5,1000.423697,0.9995764824431184
1783126202.957093,map,5,1000.021943,0.9999780574814847
1783126203.4590905,map,5,999.9597329999999,1.0000402686214966
1783126203.9357653,map,5,999.857938,1.0001420821844793
1783126203.9578874,map,5,1000.7943459999999,0.9992062844847448
1783126204.4593334,map,5,1000.243072,0.999756987069639
1783126204.934437,map,5,998.671792,1.0013299744827477
1783126204.957315,map,5,999.42746,1.000572867989839
1783126205.4592748,map,5,999.9412749999999,1.0000587284488283
1783126205.934419,map,5,999.981989,1.000018011324402
1783126205.95685,map,5,999.535167,1.000465049170201
1783126206.4610417,map,5,1001.76689,0.9982362263939468
1783126206.9343588,map,5,999.9398719999999,1.000060131615594
1783126206.9571867,map,5,1000.3367059999999,0.9996634073327707
1783126207.459281,map,5,998.2391869999999,1.0017639189313854
1783126207.9343417,map,5,999.98293,1.0000170702913898
1783126207.9570506,map,5,999.863749,1.0001362695668647
1783126208.459322,map,5,1000.041177,0.9999588246954756
1783126208.934351,map,5,1000.0092099999999,0.9999907900848234
1783126208.9569428,map,5,999.89226,1.0001077516091583
1783126209.45944,map,5,1000.117839,0.9998821748843938
1783126209.9344907,map,5,1000.139638,0.9998603814960486
1783126209.9580941,map,5,1001.151301,0.9988500229697049
1783126210.4594162,map,5,999.9763029999999,1.0000236975615613
1783126210.9344873,map,5,999.996803,1.0000031970102208
1783126210.9573107,map,5,999.216551,1.0007840632735876
1783126211.459054,map,5,999.637933,1.000362198139994
1783126211.9350708,map,5,1000.5834169999999,0.999416923176931
1783126211.9570568,map,5,999.746127,1.0002539374678667
1783126212.459272,map,5,1000.217903,0.9997821444713733
1783126212.935201,map,5,1000.130041,0.9998699759084628
1783126212.9573367,map,5,1000.279906,0.9997201723254451
1783126213.4602532,map,5,1000.9812,0.9990197618097124
1783126213.9366374,map,5,1001.436569,0.9985654917700534
1783126213.9574244,map,5,1000.087805,0.9999122027090411
1783126214.4591599,map,5,998.9067289999999,1.0010944675496325
1783126214.9345353,map,5,997.897783,1.0021066456262484
1783126214.9569404,map,5,999.5158799999999,1.0004843544856936
1783126215.4601452,map,5,1000.98537,0.9990155999982298
1783126215.9352467,map,5,1000.7115279999999,0.9992889779121242
1783126215.95713,map,5,1000.189712,0.9998103239838164
1783126216.4593124,map,5,999.1671349999999,1.0008335592423185
1783126216.9357967,map,5,1000.549935,0.9994503672622796
1783126216.957362,map,5,1000.231771,0.9997682827053491
1783126217.460509,map,5,1001.196651,0.9988047792620912
1783126217.9344194,map,5,998.6227879999999,1.0013791113286712
1783126217.9580293,map,5,1000.667419,0.9993330261510193
1783126218.459115,map,5,998.606009,1.001395936923508
1783126218.9345138,map,5,1000.094292,0.999905716890143
1783126218.957304,map,5,999.27464,1.0007258865290527
1783126219.4592922,map,5,1000.1770389999999,0.9998229923372597
1783126219.9351401,map,5,1000.6264359999999,0.9993739561763888
1783126219.957025,map,5,999.7210409999999,1.000279036839838
1783126220.4592671,map,5,999.9749109999999,1.0000250896294738
1783126220.935879,map,5,1000.7388559999999,0.999261689505139
1783126220.957448,map,5,1000.423137,0.9995770419691923
1783126221.4592834,map,5,1000.016366,0.9999836342678416
1783126221.9374516,map,5,1001.572502,0.9984299668802209
1783126221.9569898,map,5,999.541583,1.0004586272425247
1783126222.4596007,map,5,1000.3172979999999,0.9996828026460861
1783126222.9345596,map,5,997.108167,1.0029002199517638
1783126222.9570384,map,5,1000.048859,0.9999511433870852
1783126223.4596057,map,5,1000.0050769999999,0.9999949230257759
1783126223.9350617,map,5,1000.501893,0.9994983587702218
1783126223.9570422,map,5,1000.0037609999999,0.9999962390141451
1783126224.4590943,map,5,999.488492,1.0005117697743338
1783126224.9357696,map,5,1000.708084,0.9992924170281811
1783126224.957107,map,5,1000.0647339999999,0.9999352701902195
1783126225.4591806,map,5,1000.086192,0.9999138154284206
1783126225.9358377,map,5,1000.0681119999999,0.9999318926389287
1783126225.9571135,map,5,1000.006486,0.9999935140420679
1783126226.4595852,map,5,1000.404687,0.9995954767053186
1783126226.9344337,map,5,998.59583,1.0014061444658746
1783126226.9566927,map,5,999.579117,1.0004210602170873
1783126227.46023,map,5,1000.644866,0.9993555495841618
1783126227.935062,map,5,1000.628331,0.9993720635519363
1783126227.9570773,map,5,1000.3847539999999,0.9996153939787051
1783126228.4590313,map,5,998.8012789999999,1.0012001596565838
1783126228.9343765,map,5,999.314483,1.0006859872559257
1783126228.9572008,map,5,1000.1235019999999,0.9998765132508606
1783126229.4591835,map,5,1000.1522309999999,0.9998477921707501
1783126229.936708,map,5,1002.331465,0.9976739580853127
1783126229.9576116,map,5,1000.4106949999999,0.9995894736011395
1783126230.4593444,map,5,1000.1608739999999,0.9998391518762811
1783126230.9344,map,5,997.692096,1.0023132427421777
1783126230.9586947,map,5,1001.08323,0.99891794211756
1783126231.4593072,map,5,999.962667,1.000037334393805
1783126231.9345508,map,5,1000.1506959999999,0.9998493267058628
1783126231.957087,map,5,998.39235,1.0016102387002466
1783126232.4592412,map,5,999.9339659999999,1.0000660383607771
1783126232.9346225,map,5,1000.071886,0.9999281191672256
1783126232.9569557,map,5,999.868532,1.0001314852861076
1783126233.459159,map,5,999.917873,1.0000821337453982
1783126233.936417,map,5,1001.7945579999999,0.9982086566695045
1783126233.95805,map,5,1001.0943739999999,0.9989068223452029
1783126234.459662,map,5,1000.5029589999999,0.9994972938405873
1783126234.9343574,map,5,997.9402759999999,1.0020639752192946
1783126234.957056,map,5,999.00592,1.000995069178369
1783126235.4590936,map,5,999.431785,1.0005685380518492
1783126235.935104,map,5,1000.746599,0.9992539579942156
1783126235.9570484,map,5,999.992441,1.000007559057139
1783126236.4607217,map,5,1001.62803,0.9983746161736309
1783126236.934844,map,5,999.7399989999999,1.000260068618101
1783126236.9572704,map,5,1000.221872,0.9997781772162647
1783126237.4593284,map,5,998.6067429999999,1.0013952008733833
1783126237.9347003,map,5,999.8563409999999,1.0001436796408736
1783126237.9588554,map,5,1001.585198,0.9984173108756346
1783126238.4590082,map,5,999.679861,1.0003202415218007
1783126238.934325,map,5,999.6246629999999,1.00037547793076
1783126238.9568832,map,5,998.0276839999999,1.0019762137179353
1783126239.4614203,map,5,1002.4120469999999,0.9975937569712788
1783126239.9352195,map,5,1000.8945809999999,0.9991062185598946
1783126239.9568503,map,5,999.967011,1.00003299008831
1783126240.4592266,map,5,997.8061379999999,1.002198685612816
1783126240.936838,map,5,1001.618341,0.9983842737959607
1783126240.956853,map,5,1000.002714,0.9999972860073658
1783126241.4597394,map,5,1000.5129979999999,0.9994872650320131
1783126241.9346688,map,5,997.830923,1.0021737921224958
1783126241.9568105,map,5,999.9575309999999,1.0000424708036926
1783126242.4592733,map,5,999.533831,1.0004663864148886
1783126242.9351952,map,5,1000.5264689999999,0.9994738080237636
1783126242.9568431,map,5,1000.0327609999999,0.999967240073248
1783126243.4590633,map,5,999.789915,1.0002101291449814
1783126243.9353206,map,5,1000.125368,0.9998746477151652
1783126243.9569128,map,5,1000.0694709999999,0.9999305338258847
1783126244.4592595,map,5,1000.1961709999999,0.9998038674755135
1783126244.9347134,map,5,999.3925979999999,1.0006077711614192
1783126244.956983,map,5,1000.0705389999999,0.9999294659753997
1783126245.4589882,map,5,999.728701,1.0002713726231214
1783126245.9346707,map,5,999.957458,1.0000425438098988
1783126245.9594157,map,5,1002.432471,0.9975734315573662
1783126246.458978,map,5,999.989875,1.0000101251025166
1783126246.9349263,map,5,1000.2556199999999,0.9997444453248862
1783126246.9568639,map,5,997.4482859999999,1.0025582419016759
1783126247.4592228,map,5,1000.2448539999999,0.9997552059388052
1783126247.9350002,map,5,1000.073766,0.9999262394410214
1783126247.9578807,map,5,1001.0168739999999,0.9989841589823191
1783126248.458994,map,5,999.771072,1.0002289804200295
1783126248.9352849,map,5,1000.284717,0.9997153640406964
1783126248.958202,map,5,1000.320979,0.9996791239944595
1783126249.4590244,map,5,1000.030412,0.9999695889248617
1783126249.934578,map,5,999.293,1.0007075002026433
1783126249.9568138,map,5,998.612075,1.0013898540131312
1783126250.4593172,map,5,1000.2927719999999,0.9997073136903564
1783126250.9352765,map,5,1000.698552,0.9993019356342588
1783126250.9569113,map,5,1000.0974789999999,0.9999025305012293
1783126251.4589443,map,5,999.62722,1.0003729190167512
1783126251.9360752,map,5,1000.7988509999999,0.9992017866535301
1783126251.9568799,map,5,999.9684159999999,1.0000315849975807
1783126252.4590166,map,5,1000.072245,0.999927760218963
1783126252.9371288,map,5,1001.0535299999999,0.9989475787573519
1783126252.956848,map,5,999.968177,1.0000318240127355
1783126253.4593337,map,5,1000.317058,0.999683042493913
1783126253.9348173,map,5,997.6885609999999,1.002316794128303
1783126253.9588811,map,5,1002.033099,0.9979710261047974
1783126254.4590187,map,5,999.6851849999999,1.000314914139695
1783126254.9352627,map,5,1000.4452699999999,0.9995549281771307
1783126254.9569142,map,5,998.033237,1.0019706387794378
1783126255.4589963,map,5,999.9775699999999,1.0000224305031162
1783126255.9353385,map,5,1000.075837,0.9999241687508145
1783126255.9575162,map,5,1000.602002,0.9993983601883699
1783126256.4591022,map,5,1000.105885,0.9998941262104463
1783126256.9366097,map,5,1001.2713839999999,0.998730230364798
1783126256.9568639,map,5,999.3474799999999,1.0006529460603635
1783126257.4590325,map,5,999.930252,1.0000697528651228
1783126257.9346447,map,5,998.0347899999999,1.001969079655029
1783126257.956798,map,5,999.934263,1.0000657413216372
1783126258.4593084,map,5,1000.2758739999999,0.999724202085474
1783126258.9352882,map,5,1000.643554,0.9993568598953869
1783126258.9568346,map,5,1000.0364649999999,0.9999635363296479
1783126259.4610775,map,5,1001.768966,0.9982341577149636
1783126259.9352808,map,5,999.992671,1.0000073290537146
1783126259.9568493,map,5,1000.0148929999999,0.9999851072217982
1783126260.45903,map,5,997.952462,1.0020517390135963
1783126260.9353113,map,5,1000.030349,0.9999696519210338
1783126260.95686,map,5,1000.0106179999999,0.9999893821127408
1783126261.4594848,map,5,1000.45507,0.999545136994508
1783126261.934668,map,5,999.356948,1.000643465781958
1783126261.9571087,map,5,1000.248844,0.999751217907931
1783126262.4590182,map,5,999.533295,1.0004669229152592
1783126262.9353163,map,5,1000.6482199999999,0.9993521999169699
1783126262.9569476,map,5,999.8386489999999,1.0001613770383466
1783126263.4590755,map,5,1000.0571649999999,0.9999428382676505
1783126263.9350543,map,5,999.7378769999999,1.000262191726482
1783126263.957272,map,5,1000.324486,0.9996756192570098
1783126264.45902,map,5,999.944637,1.0000553660652316
1783126264.937564,map,5,1002.5096749999999,0.997496607701068
1783126264.9582207,map,5,1000.948812,0.9990520873908585
1783126265.4590163,map,5,999.996272,1.000003728013898
1783126265.9346251,map,5,997.0611419999999,1.0029475203437426
1783126265.9568074,map,5,998.5866289999999,1.0014153714449545
1783126266.4592078,map,5,1000.1915339999999,0.9998085026782481
1783126266.9350696,map,5,1000.444529,0.9995556685182293
1783126266.9569314,map,5,1000.123983,0.9998760323698788
1783126267.4590678,map,5,999.860115,1.0001399045705508
1783126267.9356647,map,5,1000.5951719999999,0.9994051820190074
1783126267.9574256,map,5,1000.494105,0.99950613901918
1783126268.4592705,map,5,1000.2026609999999,0.9997973800631591
1783126268.9345243,map,5,998.8595859999999,1.0011417160289435
1783126268.9569187,map,5,999.493222,1.00050703495416
1783126269.4595885,map,5,1000.3180649999999,0.9996820361331774
1783126269.9344242,map,5,999.899785,1.000100225044053
1783126269.9568715,map,5,999.952682,1.0000473202390991
1783126270.459202,map,5,999.6134209999999,1.0003867285011174
1783126270.9345949,map,5,1000.1707719999999,0.9998292571580967
1783126270.9568763,map,5,1000.004823,0.9999951770232612
1783126271.459047,map,5,999.8449589999999,1.0001550650414393
1783126271.9346087,map,5,1000.0136769999999,0.9999863231870578
1783126271.9574466,map,5,1000.570254,0.9994300710042895
1783126272.4590738,map,5,1000.026715,0.9999732857136722
1783126272.9360213,map,5,1001.4126279999999,0.9985893647029185
1783126272.9571092,map,5,999.6626369999999,1.0003374768522033
1783126273.459514,map,5,1000.440259,0.9995599347426901
1783126273.9344738,map,5,998.452587,1.0015498111979952
1783126273.9582112,map,5,1001.102033,0.9988991801398129
1783126274.459935,map,5,1000.421025,0.9995791521874503
1783126274.9350462,map,5,1000.5724339999999,0.9994278934932161
1783126274.9570472,map,5,998.835968,1.0011653885495642
1783126275.459421,map,5,999.4858099999999,1.0005144545273734
1783126275.9346924,map,5,999.646186,1.0003539392286542
1783126275.95696,map,5,999.912744,1.000087263614274
1783126276.4591067,map,5,999.6858699999999,1.0003142287086644
1783126276.9363673,map,5,1001.6748309999999,0.9983279693687342
1783126276.956885,map,5,999.925255,1.0000747505872327
1783126277.4592102,map,5,1000.1035439999999,0.99989646672025
1783126277.9343944,map,5,998.0270119999999,1.0019768883770455
1783126277.956905,map,5,1000.0197589999999,0.9999802413904104
1783126278.4592316,map,5,1000.0214629999999,0.9999785374606506
1783126278.9349492,map,5,1000.5547909999999,0.9994455166223877
1783126278.9568985,map,5,999.9935459999999,1.0000064540416544
1783126279.4590263,map,5,999.7946959999999,1.0002053461583877
1783126279.9344192,map,5,999.470149,1.0005301318909126
1783126279.9569664,map,5,1000.0679329999999,0.9999320716145791
1783126280.4597435,map,5,1000.7171979999999,0.9992833160043284
1783126280.9346437,map,5,1000.224602,0.9997754484347307
1783126280.957958,map,5,1000.991506,0.9990094761103797
1783126281.459442,map,5,999.698263,1.0003018280726972
1783126281.93434,map,5,999.696077,1.0003040153972715
1783126281.9568431,map,5,998.885144,1.0011161002911062
1783126282.4593225,map,5,999.880716,1.0001192982303702
1783126282.9345903,map,5,1000.250463,0.9997495997160064
1783126282.9569628,map,5,1000.1197589999999,0.9998802553405007
1783126283.4604137,map,5,1001.091025,0.9989101640382801
1783126283.9345572,map,5,999.966907,1.000033094095183
1783126283.9570787,map,5,1000.1160329999999,0.9998839804620951
1783126284.459129,map,5,998.7155469999999,1.0012861049413504
1783126284.9364107,map,5,1001.853519,0.9981499101766393
1783126284.9579363,map,5,1000.857416,0.9991433185323972
1783126285.459386,map,5,1000.2568739999999,0.9997431919673067
1783126285.9344478,map,5,998.037014,1.001966846892915
1783126285.9575334,map,5,999.597058,1.0004031044277044
1783126286.459281,map,5,999.894924,1.0001050870421262
1783126286.9349554,map,5,1000.507526,0.9994927314519771
1783126286.9569054,map,5,999.3720649999999,1.0006283295501162
1783126287.459256,map,5,999.974895,1.000025105630277
1783126287.9352207,map,5,1000.2654399999999,0.9997346304396962
1783126287.956965,map,5,1000.059706,0.9999402975645936
1783126288.4591582,map,5,999.902307,1.0000977025448547
1783126288.9346197,map,5,999.399022,1.000601339391745
1783126288.9580321,map,5,1001.0670809999999,0.9989340564481114
1783126289.4592927,map,5,1000.1345389999999,0.9998654790983077
1783126289.9343286,map,5,999.708846,1.0002912387953402
1783126289.9580753,map,5,1000.0432129999999,0.9999567888672828
1783126290.4593396,map,5,1000.0469979999999,0.9999530042087083
1783126290.9343247,map,5,999.996218,1.0000037820143035
1783126290.956967,map,5,998.8916899999999,1.0011095397139604
1783126291.4592836,map,5,999.943825,1.000056178155808
1783126291.9342916,map,5,999.9667579999999,1.0000332431050674
1783126291.9569454,map,5,999.9783749999999,1.0000216254676508
1783126292.4590862,map,5,999.8027649999999,1.0001972739093197
1783126292.9347954,map,5,1000.5038059999999,0.9994964476926738
1783126292.958042,map,5,1001.0965289999999,0.998904672058852
1783126293.459111,map,5,1000.024813,0.9999751876156697
1783126293.9343154,map,5,999.5199409999999,1.0004802895673295
1783126293.9584167,map,5,1000.374657,0.9996254833152975
1783126294.459311,map,5,1000.199882,0.9998001579448297
1783126294.9347227,map,5,1000.407424,0.9995927419267132
1783126294.956958,map,5,998.5415549999999,1.0014605751685517
1783126295.4604964,map,5,1001.185523,0.9988158808005457
1783126295.9355152,map,5,1000.792513,0.9992081145794903
1783126295.9570405,map,5,1000.082445,0.9999175617966176
1783126296.461351,map,5,1000.8544099999999,0.9991463193932473
1783126296.9352882,map,5,999.773013,1.000227038534796
1783126296.9571283,map,5,1000.087757,0.9999122507006153
1783126297.459164,map,5,997.8130189999999,1.002191774368901
1783126297.9344165,map,5,999.128157,1.0008726037734916
1783126297.9570272,map,5,999.898751,1.0001012592523981
1783126298.4590576,map,5,999.8936299999999,1.0001063813157807
1783126298.934364,map,5,999.947539,1.000052463752301
1783126298.956982,map,5,999.9548739999999,1.000045128036448
1783126299.4590178,map,5,999.960297,1.000039704576391
1783126299.9346898,map,5,1000.3258219999999,0.9996742841253978
1783126299.9570072,map,5,1000.0252089999999,0.9999747916354778
1783126300.4608953,map,5,1001.877497,0.9981260213892199
1783126300.9344,map,5,999.710236,1.0002898479875122
1783126300.9572837,map,5,1000.276579,0.9997234974747919
1783126301.4593804,map,5,998.484976,1.0015173227804282
1783126301.9352713,map,5,1000.8712549999999,0.999129503424494
1783126301.9568803,map,5,999.5966139999999,1.0004035487859306
1783126302.4597905,map,5,1000.410258,0.9995899102426037
1783126302.9348454,map,5,999.5740669999999,1.0004261144962259
1783126302.9597013,map,5,1002.8209489999999,0.9971869863679923
1783126303.4606023,map,5,1000.811801,0.9991888574863038
1783126303.9344304,map,5,999.5850519999999,1.000415120253319
1783126303.95713,map,5,997.428727,1.0025779014884941
1783126304.4612844,map,5,1000.6819409999999,0.9993185237266115
1783126304.9359596,map,5,1001.52927,0.9984730650957411
1783126304.9569058,map,5,999.7757439999999,1.0002243063020342
1783126305.4593627,map,5,998.0785079999999,1.0019251912395652
1783126305.9343913,map,5,998.4316409999999,1.0015708226137838
1783126305.9582858,map,5,1001.380053,0.9986218489215303
1783126306.4600492,map,5,1000.6864509999999,0.9993140198917314
1783126306.934329,map,5,999.937735,1.0000622688771716
1783126306.9595037,map,5,1001.217864,0.9987836173885927
1783126307.4593542,map,5,999.304863,1.0006956205515833
1783126307.9351404,map,5,1000.811378,0.999189279800534
1783126307.9571495,map,5,997.645817,1.002359738255686
1783126308.4612498,map,5,1001.8957889999999,0.9981077982153292
1783126308.9343376,map,5,999.1970719999999,1.0008035732114315
1783126308.9576652,map,5,1000.5156939999999,0.9994845718032286
1783126309.4591274,map,5,997.877536,1.0021269784351574
1783126309.934409,map,5,1000.071431,0.9999285741020234
1783126309.958426,map,5,1000.760763,0.9992398153203774
1783126310.4594164,map,5,1000.288873,0.9997112104235114
1783126310.9344,map,5,999.991217,1.0000087830771418
1783126310.9593542,map,5,1000.928279,0.999072581902744
1783126311.4591615,map,5,999.7451179999999,1.0002549469813966
1783126311.9354193,map,5,1001.0191719999999,0.9989818656540177
1783126311.95713,map,5,997.7756139999999,1.0022293449236375
1783126312.4611812,map,5,1002.019835,0.9979842365096496
1783126312.934387,map,5,998.9675279999999,1.001033539100182
1783126312.9574938,map,5,1000.3639539999999,0.9996361784143215
1783126313.4593124,map,5,998.1312499999999,1.0018722487648795
1783126313.9356093,map,5,1001.2224319999999,0.998779060515496
1783126313.9574559,map,5,999.96204,1.0000379614410162
1783126314.4600096,map,5,1000.6970249999999,0.9993034605054413
1783126314.9344726,map,5,998.863198,1.0011380957895697
1783126314.9574757,map,5,1000.019856,0.9999801443942529
1783126315.461081,map,5,1001.0713989999999,0.998929747667279
1783126315.9352348,map,5,1000.762248,0.9992383325794679
1783126315.957179,map,5,999.703318,1.000296770046331
1783126316.4612153,map,5,1000.1343599999999,0.9998656580501845
1783126316.9345114,map,5,999.2766969999999,1.0007238265459122
1783126316.9574597,map,5,1000.280708,0.9997193707748685
1783126317.4593563,map,5,998.1411009999999,1.0018623609408908
1783126317.934536,map,5,1000.0246549999999,0.9999753456078541
1783126317.9574456,map,5,999.9859289999999,1.000014071197996
1783126318.4592643,map,5,999.907747,1.0000922615114012
1783126318.934506,map,5,999.969743,1.0000302579155138
1783126318.95735,map,5,999.904288,1.000095721161664
1783126319.4593456,map,5,1000.081377,0.9999186296216773
1783126319.9348533,map,5,1000.347507,0.9996526137191644
1783126319.9571724,map,5,999.822414,1.0001776175423889
1783126320.4602134,map,5,1000.8677749999999,0.9991329773805536
1783126320.9347343,map,5,999.880989,1.000119025165304
1783126320.9573963,map,5,1000.223797,0.9997762530738908
1783126321.459372,map,5,999.1586289999999,1.0008420795012722
1783126321.934535,map,5,999.800795,1.0001992446905386
1783126321.9566817,map,5,999.285504,1.0007150068695483
1783126322.459223,map,5,999.851049,1.0001489731897055
1783126322.9347956,map,5,1000.2603909999999,0.9997396767858221
1783126322.9571526,map,5,1000.47084,0.9995293815859742
1783126323.4589958,map,5,999.7729089999999,1.0002271425820362
1783126323.9348197,map,5,1000.024089,0.9999759115802659
1783126323.957054,map,5,999.901249,1.0000987607527232
1783126324.4611604,map,5,1002.1646099999999,0.9978400654159999
1783126324.9352002,map,5,1000.38067,0.9996194748545071
1783126324.9576554,map,5,1000.601637,0.9993987247494379
1783126325.459158,map,5,997.997484,1.0020065341166733
1783126325.9357502,map,5,1000.5498799999999,0.9994504222018398
1783126325.9570544,map,5,999.399066,1.0006012953388133
1783126326.4607875,map,5,1001.629565,0.9983730861618487
1783126326.9355361,map,5,999.7859249999999,1.0002141208379185
1783126326.9570775,map,5,1000.023058,0.9999769425316591
1783126327.4592214,map,5,998.433857,1.0015685996513637
1783126327.934247,map,5,998.7108939999999,1.0012907699392735
1783126327.9578457,map,5,1000.7680449999999,0.9992325444404053
1783126328.45924,map,5,1000.0185879999999,0.9999814123455074
1783126328.934457,map,5,1000.210205,0.9997898391768558
1783126328.9583528,map,5,1000.5071539999999,0.9994931030748033
1783126329.4593709,map,5,1000.130741,0.9998692760909746
1783126329.9346933,map,5,1000.2362159999999,0.9997638397848215
1783126329.9593308,map,5,1000.97795,0.9990230054518184
1783126330.4589953,map,5,999.624527,1.0003756140329279
1783126330.934876,map,5,1000.1825299999999,0.9998175033111207
1783126330.9573147,map,5,997.983968,1.002020104595508
1783126331.461037,map,5,1002.0417199999999,0.9979624401267445
1783126331.9345007,map,5,999.6247539999999,1.0003753868624186
1783126331.9568996,map,5,999.585066,1.0004151062416933
1783126332.4590645,map,5,998.027555,1.001976343228319
1783126332.9344425,map,5,999.941841,1.000058162382666
1783126332.9572248,map,5,1000.325125,0.9996749806719091
1783126333.460066,map,5,1001.00163,0.9989993722587645
1783126333.9343572,map,5,999.9146599999999,1.0000853472835374
1783126333.9570367,map,5,999.8119059999999,1.0001881293860089
1783126334.4591217,map,5,999.0554539999999,1.0009454390106358
1783126334.935062,map,5,1000.7046429999999,0.9992958531721333
1783126334.9570117,map,5,999.9748599999999,1.0000251406320355
1783126335.460931,map,5,1001.8093289999999,0.9981939387589792
1783126335.9343896,map,5,999.327874,1.0006725780571992
1783126335.9577913,map,5,1000.7796569999999,0.9992209503914807
1783126336.4592953,map,5,998.3642279999999,1.0016384521341244
1783126336.934707,map,5,1000.317232,0.999682868604227
1783126336.957013,map,5,999.2215659999999,1.0007790404315593
1783126337.4600286,map,5,1000.733484,0.999267053604454
1783126337.9349036,map,5,1000.196776,0.9998032627131763
1783126337.9571688,map,5,1000.156072,0.999843952354668
1783126338.4590302,map,5,999.001453,1.0009995450927538
1783126338.9350681,map,5,1000.164416,0.9998356110281772
1783126338.95705,map,5,999.881137,1.0001188771300924
1783126339.4618168,map,5,1002.7866389999999,0.9972211047778031
1783126339.9343834,map,5,999.3152349999999,1.0006852342244137
1783126339.9572854,map,5,1000.235283,0.9997647723450683
1783126340.4592817,map,5,997.4649469999999,1.0025414958266199
1783126340.9344554,map,5,1000.072058,0.9999279471919813
1783126340.9583564,map,5,1001.0710909999999,0.998930055008451
1783126341.459128,map,5,999.8461719999999,1.0001538516666943
1783126341.9347143,map,5,1000.258847,0.9997412199844308
1783126341.9584239,map,5,1000.067515,0.9999324895579675
1783126342.4592695,map,5,1000.141617,0.9998584030525349
1783126342.9343913,map,5,999.677015,1.0003230893530146
1783126342.9571812,map,5,998.7573669999999,1.0012441790579554
1783126343.4590602,map,5,999.790635,1.0002094088428823
